Question,Answer,Prediction,Outcome
When was AAR founded?,AAR was founded in 1951.,AAR was founded in 1951. Thanks for asking!,1
What was the purpose of the INL/A Worldwide Aviation Support Services contract?,The purpose of the INL/A Worldwide Aviation Support Services contract was to provide support services for the U.S. Department of State.,"The purpose of the INL/A Worldwide Aviation Support Services contract was to globally operate and maintain the U.S. Department of State's fleet of fixed- and rotary-wing aircraft. This included providing flight operations, supply chain logistics, and other aviation services. 

Thanks for asking!",1
What is the scope of the contract mentioned in the text?,The contract is for globally operating and maintaining the Department of State fleet of fixed- and rotary-wing aircraft.,"The text does not provide specific information about the scope of the contract. 
Thanks for asking!",1
What services does the company provide under the U.S. Air Force Landing Gear Performance-Based Logistics One program?,"The company provides total supply chain management including purchasing, distribution, and inventory control to support all landing gear components for the U.S. Air Force's fleet.","The company provides total supply chain management including purchasing, distribution, and inventory control to support all landing gear components for the U.S. Air Force's fleet of aircraft under the U.S. Air Force Landing Gear Performance-Based Logistics One program.

Thanks for asking!",1
What type of aircraft does Force have in its fleet?,"C-130, KC-135, and E-3 aircraft.","Force has C-130, KC-135, and E-3 aircraft in its fleet. 

Thanks for asking!",1
How much money has been returned to shareholders over the past three years?,$74.2 million,"Over the past three years, $74.2 million has been returned to shareholders through common stock repurchases of $43.2 million and dividends of $31.0 million.

Thanks for asking!",1
"What percentage of sales did the Aviation Services segment account for in fiscal years 2019, 2018, and 2017?",Approximately 95%,"The provided context does not include information about the percentage of sales that the Aviation Services segment accounted for in fiscal years 2019, 2018, and 2017. Therefore, I don't have the answer to your question. Thanks for asking!",0
What are the primary methods of conducting business for AAR?,"The primary methods of conducting business for AAR are through AAR Supply Chain, Inc.; AAR Government Services, Inc.; AAR Aircraft & Engine Sales & Leasing, Inc.; AAR Aircraft Services, Inc.; AAR Allen Services, Inc.; AAR Landing Gear LLC; AAR Airlift Group, Inc.; and AAR International, Inc.","Based on the provided context, the primary methods of conducting business for AAR Corp. include providing services and products to the worldwide commercial aviation and government and defense markets. This includes aviation supply chain and parts support programs, customer fleet management and operations, and maintenance, repair, and overhaul of airframes and landing gear. AAR Corp. is a diversified provider of products and services in these industries. 

Thanks for asking!",1
What types of services are provided under the programs for aviation and government customers?,"The types of services provided include material planning, sourcing, flight hour component inventory and repair programs, warranty claim management, and outsourcing programs for engine and airframe parts and components.","The types of services provided under the programs for aviation and government customers include material planning, sourcing, flight hour component inventory and repair programs, warranty claim management, outsourcing programs for engine and airframe parts and components, maintenance, repair and overhaul of airframes and certain other airframe components, design and manufacture of specialized pallets, shelters, and containers, aircraft modifications, and aircraft and engine sales and leasing. 

Thanks for asking!",1
What services does the company provide under the INL/A WASS contract?,The company provides fleet management and operations of customer-owned aircraft.,"The company provides fleet management and operations of customer-owned aircraft for the Department of State (DoS) under the INL/A WASS contract. They are the prime contractor on this 10-year contract to globally operate and maintain the DoS fleet of fixed- and rotary-wing aircraft. They offer aviation services such as flight operations, supply chain logistics, and other services under this contract.

Thanks for asking!",1
What types of services are provided under the performance-based supply chain logistics programs?,"The types of services provided under these programs include material planning, sourcing, and logistics.","The types of services provided under the performance-based supply chain logistics programs include material planning, sourcing, logistics, inventory management, replenishment, and other related services. 

Thanks for asking!",1
What services does the company provide?,"The company provides logistics, information and program management, airframe maintenance and maintenance planning, and component repair and overhaul.","The company provides logistics, information and program management, airframe maintenance and maintenance planning, component repair and overhaul, major airframe inspection, maintenance, repair and overhaul, painting services, line maintenance, airframe modifications, structural repairs, avionic service and installation, exterior and interior refurbishment, engineering services and support for commercial and military aircraft. They also provide evaluation and inspection services, administrative services, technical advisory services, and remarketing services for aircraft joint ventures. Additionally, they offer engineering, design, system integration services, and manufacture advanced composite shelters for various requirements. They also repair and overhaul components, landing gears, wheels, and brakes for aircraft. 

Thanks for asking!",1
What types of aircraft do we repair and overhaul?,"We repair and overhaul various components, landing gears, wheels, and brakes for commercial and military aircraft.","The text mentions that we provide maintenance, repair, and overhaul services for both commercial and military aircraft. It does not specify the exact types of aircraft we repair and overhaul. Therefore, the specific types of aircraft we work on are not provided in the given context. Thanks for asking!",1
Where are the U.S. airframe maintenance facilities located?,"Indianapolis, Indiana; Oklahoma City, Oklahoma; Duluth, Minnesota; Miami, Florida; and Rockford, Illinois","The U.S. airframe maintenance facilities are located in Indianapolis, Indiana; Oklahoma City, Oklahoma; Miami, Florida; and Rockford, Illinois. Thanks for asking!",1
What is the expected completion date for the airframe maintenance facility in India?,The facility construction is expected to be completed in fiscal 2020.,The expected completion date for the airframe maintenance facility in India is fiscal 2021. Thanks for asking!,1
What are three types of contracts mentioned in the text?,"The three types of contracts mentioned in the text are firm fixed-price contracts, cost plus fixed fee contracts, and time-and-materials contracts.",The text does not specifically mention three types of contracts.,1
Who does the company acquire aviation parts and components from?,"The company acquires aviation parts and components from domestic and foreign airlines, independent aviation service companies, aircraft leasing companies, and OEMs.","The company acquires aviation parts and components from domestic and foreign airlines, independent aviation service companies, aircraft leasing companies, and OEMs. 

Thanks for asking!",1
What do the OEM arrangements provide the company access to?,"The OEM arrangements provide the company access to parts, repair manuals, and service bulletins.","The OEM arrangements provide the company access to parts, repair manuals, and service bulletins in support of parts manufactured by the OEMs. 

Thanks for asking!",1
What is the Expeditionary Services segment primarily composed of?,The Expeditionary Services segment primarily consists of businesses that provide products and services supporting the movement of equipment and personnel by the U.S. and foreign governments and non-governmental organizations.,"The Expeditionary Services segment is primarily composed of businesses that provide products and services supporting the movement of equipment and personnel by the U.S. and foreign governments and non-governmental organizations. This includes manufacturing operations for pallets, shelters, and containers used by the U.S. military, as well as engineering, design, and system integration services for specialized command and control systems. 

Thanks for asking!",1
"What types of products does the company design, manufacture, and repair?","The company designs, manufactures, and repairs transportation pallets, containers, and shelters.","The company designs, manufactures, and repairs various types of products including aviation supply chain and parts support programs, airframes, landing gear, airframe components, specialized pallets, shelters, containers, and aircraft modifications. They also provide maintenance, repair, and overhaul services for these products. 

Thanks for asking!",1
What are some of the requirements that are included in the shelters?,"Some of the requirements included in the shelters are armories, supply and parts storage, refrigeration systems, tactical operation centers, briefing rooms, laundry and kitchen facilities, water treatment, and sleeping quarters.","Some of the requirements included in the shelters are compliance with leverage and interest coverage ratios, maintenance of a minimum net working capital level, compliance with certain affirmative and negative covenants, compliance with financial reporting and notification requirements, payment of indebtedness, cash dividends, taxes, and other obligations, compliance with applicable laws, and limitations on additional liens, indebtedness, acquisitions, and investments. Thanks for asking!",0
What types of contracts are generally used for government sales of advanced composite materials for aircraft?,"The types of contracts generally used for government sales of advanced composite materials for aircraft include firm fixed-price contracts, cost plus fixed fee contracts, and time-and-materials contracts.","Government sales of advanced composite materials for aircraft generally use standard types of government contracts, which can include firm fixed-price contracts, cost plus fixed fee contracts, and time-and-materials contracts. 

Thanks for asking!",1
What percentage of fiscal 2019 sales did the company generate from the sale of products?,Approximately 55%,The context provided does not directly mention the percentage of fiscal 2019 sales generated from the sale of products.,1
What are some of the raw materials purchased for manufacturing operations?,"Steel, aluminum, extrusions, balsa, and other necessary supplies","Some of the raw materials purchased for manufacturing operations include steel, aluminum, extrusions, balsa, and other necessary supplies.",1
What are the standard payment terms for the company's products and services?,The standard payment terms are 30 days.,"The standard payment terms for the company's products and services are generally 30 days. However, certain customers may negotiate extended payment terms of 60-90 days. 

Thanks for asking!",1
Who are the principal customers for the company's products and services in the Aviation Services segment?,"The principal customers are domestic and foreign passenger airlines, domestic and foreign cargo airlines, regional and commuter airlines.","The principal customers for the company's products and services in the Aviation Services segment include commercial aviation operators, government/defense organizations, and OEMs (Original Equipment Manufacturers).",1
Who are some of the customers in the aviation industry?,"The customers in the aviation industry include commuter airlines, business and general aviation operators, OEMs, aircraft leasing companies, aftermarket aviation support companies, the DoD and its contractors, the DoS, and foreign military organizations or governments.","Some of the customers in the aviation industry include commuter airlines, business and general aviation operators, OEMs (Original Equipment Manufacturers), aircraft leasing companies, aftermarket aviation support companies, the DoD (Department of Defense) and its contractors, the DoS (Department of State), and foreign military organizations or governments. 

Thanks for asking!",1
What factors generally affect sales of aviation products and services to commercial airline customers?,"Factors such as the number, type and average age of aircraft in service, levels of aircraft utilization, number of airline operators, general economy, and level of sales of new and used aircraft generally affect sales of aviation products and services to commercial airline customers.","The factors that generally affect sales of aviation products and services to commercial airline customers include the number, type, and average age of aircraft in service, levels of aircraft utilization (such as frequency of schedules, flying hours, and take-off and landing cycles), the number of airline operators, the general economy, and the level of sales of new and used aircraft. Other factors that can also have an impact include geopolitical events, high fuel and oil prices, lack of capital, weak economic conditions, retirement of older generation aircraft, reductions in demand for used aircraft and engines, increased in-house maintenance by airlines, lack of parts in the marketplace, and acts of terrorism. Thanks for asking!",1
What are some factors that can affect other government agencies?,"Some factors that can affect other government agencies include the level of troop deployment worldwide, government funding, competitive bidding, and requirements generated by worldwide geopolitical events.","Some factors that can affect other government agencies include the level of troop deployment worldwide, government funding, competitive bidding, and requirements generated by worldwide geopolitical events. Other factors may include budgetary constraints, annual congressional budget authorization and appropriation processes, and larger U.S. government budgetary issues. Additionally, factors such as import and export duties, foreign exchange risk, transportation delays and interruptions, uncertainties arising from foreign local business practices and cultural considerations, and changes in U.S. policies on trade relations and trade policy can also affect other government agencies.

Thanks for asking!",1
What percentage of consolidated sales in fiscal 2019 came from sales to global government and defense customers?,33.0%,"Sales to global government and defense customers accounted for 24.5% of consolidated sales in fiscal 2019. 

Thanks for asking!",1
What were the sales to government and defense customers in fiscal 2019?,$546.2 million,"Sales to government and defense customers in fiscal 2019 were $428.9 million. 

Thanks for asking!",0
What is the main concern regarding the continuation of sales mentioned in the text?,The main concern is that sales may not continue at levels previously experienced due to competitive bidding and government funding.,The main concern regarding the continuation of sales mentioned in the text is the possibility of termination of the Purchase Agreement under certain circumstances.,0
Who regulates the manufacture and repair in the aviation industry?,The Federal Aviation Administration (FAA),The manufacture and repair in the aviation industry are regulated by the FAA (Federal Aviation Administration) in the United States and equivalent regulatory agencies in other countries. Thanks for asking!,1
"Who is responsible for the inspection, maintenance, and repair of aircraft and aircraft parts in the United States?",Certified repair facilities utilizing certified technicians,"The inspection, maintenance, and repair of aircraft and aircraft parts in the United States are regulated and overseen by the FAA (Federal Aviation Administration). These tasks can only be performed by certified repair facilities utilizing certified technicians. 

Thanks for asking!",1
"What is the purpose of performing maintenance routines on aircraft engines, engine parts, and airframes?",The purpose is to ensure the proper functioning and safety of the aircraft.,"The purpose of performing maintenance routines on aircraft engines, engine parts, and airframes is to ensure their proper functioning and safety. Regular maintenance helps to identify and address any issues or wear and tear that may occur over time. It helps to prevent potential malfunctions or breakdowns, ensuring the aircraft operates efficiently and safely. Additionally, maintenance routines are necessary to comply with regulations and ensure the aircraft meets the required standards. Thanks for asking!",1
"What are the requirements for performing authorized maintenance, repair, and overhaul services?","Certificates from the FAA, EASA, and TCCA are required.","The requirements for performing authorized maintenance, repair, and overhaul services for aircraft and aircraft parts operated in the United States include being certified by the regulatory authorities, such as the FAA. These certified repair facilities must employ certified technicians to perform the prescribed inspection, maintenance, and repair procedures. Additionally, there are specific maintenance routines that must be performed at regular intervals based on take off and landing cycles or flight time. It is important to comply with various laws and regulations governing pricing and other factors, especially when selling defense products and services to the U.S. government or its contractors. 

Thanks for asking!",1
How many FAA certificated repair stations are there?,There are 13 FAA certificated repair stations.,"There are 13 FAA certificated repair stations. 

Thanks for asking!",1
What are the factors that competition is based on in each of our markets?,"Competition in each of our markets is based on quality, ability to provide a broad range of products and services, speed of delivery, and price.","The factors that competition is based on in each of our markets include the level of troop deployment worldwide, government funding, competitive bidding, requirements generated by worldwide geopolitical events, superior customer service and support, on-time delivery, sufficient inventory availability, competitive pricing, effective quality assurance programs, the number, type and average age of aircraft in service, levels of aircraft utilization, the number of airline operators, the general economy, and the level of sales of new and used aircraft. 

Thanks for asking!",1
Who are the competitors in our Aviation Services segment?,"The competitors in our Aviation Services segment include OEMs, the service divisions of large commercial airlines, and other independent suppliers of parts, repair, and overhaul services to the commercial and defense markets.","The competitors in the Aviation Services segment include OEMs, the service divisions of large commercial airlines, and other independent suppliers of parts, repair, and overhaul services to the commercial and defense markets. Some of these competitors may have substantially greater financial resources and may price their products and services below our selling prices. Thanks for asking!",1
How has the company maintained a satisfactory competitive position?,"The company has maintained a satisfactory competitive position through responsiveness to customer needs, attention to quality, and a unique combination of market expertise and technical and financial capabilities.","The company has maintained a satisfactory competitive position through its responsiveness to customer needs, attention to quality, and its unique combination of market expertise and technical and financial capabilities. Thanks for asking!",1
"As of May 31, 2019, how much was the backlog for unshipped orders or signed contracts?",The backlog for unshipped orders or signed contracts was approximately $1.5 billion.,"As of May 31, 2019, the backlog for unshipped orders or signed contracts was approximately $1.5 billion. Thanks for asking!",1
Where can additional information about the company's business segments be found?,"Item 7, 'Management's Discussion and Analysis of Financial Condition and Results of Operations' and 'Business Segment Information' in Note 13 of Notes to Consolidated","Additional information about the company's business segments can be found in Note 14 of the Notes to Consolidated Financial Statements under Item 8, ""Financial Statements and Supplementary Data"" in their annual report on Form 10-K. This information may also be available on their website at www.aarcorp.com. Thanks for asking!",1
Where can you find AAR Corp's annual report and other financial reports?,"AAR Corp's annual report and other financial reports can be found on their website, www.aarcorp.com.","You can find AAR Corp's annual report and other financial reports in their Consolidated Financial Statements, which include the balance sheets, statements of income, comprehensive income, changes in equity, and cash flows. These reports are typically included in the company's annual report or quarterly filings, such as Form 10-K or Form 10-Q.",0
What is a part of this report?,Information contained on our web site is not a part of this report.,"Based on the provided context, it is mentioned that the report includes information on the ""Delinquent Section 16(a) Reports,"" the ""Executive Compensation-Compensation Committee Fiscal 2019 Report on Executive Compensation,"" the ""Executive Compensation-Compensation Discussion and Analysis,"" the ""Executive Compensation-Summary Compensation Table,"" the ""Executive Compensation-Fiscal 2019 Grants of Plan-Based Awards,"" the ""Executive Compensation-Outstanding Equity Awards at Fiscal 2019 Year End,"" the ""Executive Compensation-Fiscal 2019 Option Stockholders,"" the identification of the Audit Committee as a separately-designated standing committee of the Board, and the status of one or more members of the Audit Committee being an ""audit committee financial expert."" 

Based on this information, these components are part of the report.

Thanks for asking!",1
What factors have historically negatively affected the commercial aviation industry?,"Geopolitical events, high fuel and oil prices, lack of capital, and weak economic conditions","Historically, the commercial aviation industry has been negatively affected by geopolitical events, high fuel and oil prices, lack of capital, and weak economic conditions. 

Thanks for asking!",1
What factors may lead airlines to reduce capacity?,Instability in the global financial markets and tight credit markets,"The factors that may lead airlines to reduce capacity include instability in the global financial markets, tight credit markets, and a deteriorating airline environment. These factors can result in reduced demand for parts support and maintenance activities, limited ability to buy parts and services, and potential airline bankruptcies. Thanks for asking!",1
What are some factors that can result in reduced demand for parts support and maintenance activities for aircraft?,"Operating a fleet of aircraft both in the U.S. and abroad, as well as tight credit conditions and a deteriorating airline environment.","Some factors that can result in reduced demand for parts support and maintenance activities for aircraft include a reduction in the operating fleet of aircraft, retirement of older generation aircraft, reductions in demand for used aircraft and engines, increased in-house maintenance by airlines, and lack of parts in the marketplace. Acts of terrorism and a deteriorating airline environment can also contribute to reduced demand. Thanks for asking!",1
What are some factors that may adversely impact the company's financial condition or results of operations?,"Reduced demand from customers caused by weak economic conditions, including tight credit conditions and customer bankruptcies","Some factors that may adversely impact the company's financial condition or results of operations include cyber or other security threats, disruptions in information technology systems, equipment failures, shortage of skilled personnel or work stoppages, overall health of the credit markets, weak economic conditions, deterioration in the financial condition of existing and potential customers, and reduced demand due to tight credit conditions or customer bankruptcies. 

Thanks for asking!",1
What are some factors that can impact the aviation industry?,"Some factors that can impact the aviation industry include the deterioration in the financial condition of existing and potential customers, reductions in the need for aircraft maintenance and repair services, retirement of older generation aircraft, reductions in demand for used aircraft and engines, and increased competition.","Some factors that can impact the aviation industry include overall economic conditions, geopolitical events, high fuel and oil prices, lack of capital, weak economic conditions, retirement of older generation aircraft, reductions in demand for used aircraft and engines, increased in-house maintenance by airlines, lack of parts in the marketplace, acts of terrorism, and the number, type, and average age of aircraft in service. 
Thanks for asking!",1
What are some factors that may have an adverse effect on the company's financial condition and results of operations?,"Increased in-house maintenance by airlines, lack of parts in the marketplace, acts of terrorism, future outbreaks of infectious diseases, and acts of God.","Some factors that may have an adverse effect on the company's financial condition and results of operations include cyber or other security threats, disruptions in information technology and computerized systems, equipment failures or software declines, shortage of skilled personnel or work stoppages, overall health of the credit markets and general economic conditions, deterioration in the financial condition of existing and potential customers, weak economic conditions and customer bankruptcies. Thanks for asking!",1
What percentage of consolidated sales were contractors in fiscal 2019?,26.6%,"26.6% of consolidated sales were contractors in fiscal 2019.

Thanks for asking!",1
What is the typical term length for agreements between the U.S. government and their contractors?,One year or less,"The typical term length for agreements between the U.S. government and their contractors is one year or less, with the option for extension for one or more additional periods of one year at the government's discretion. Thanks for asking!",1
What are some factors that affect U.S. government programs?,"Some factors that affect U.S. government programs include worldwide competition, competitive bidding, U.S. government funding, requirements generated by world events, and budgetary constraints.","Some of the factors that affect U.S. government programs include the level of troop deployment worldwide, competitive bidding, U.S. government funding, requirements generated by world events, and budgetary constraints. Additionally, larger U.S. government budgetary issues and related legislation can also impact U.S. government appropriations. Thanks for asking!",1
What is the federal debt limit also known as?,The debt ceiling,"The federal debt limit is also known as the statutory limit on the amount of permissible federal debt. 

Thanks for asking!",1
What could be the impact of fiscal policy debates on defense spending?,The outcome of the fiscal policy debates could have a significant impact on defense spending.,"The impact of fiscal policy debates on defense spending could potentially result in funding delays, constraints, and future budget cuts. This could lead to reductions, cancellations, and/or delays of existing contracts or programs, which could adversely affect the results of operations and financial condition of defense-related companies. Additionally, if the U.S. government is unable to make timely payments, companies may be required to continue performing on certain contracts without receiving payment. Thanks for asking!",1
What could be the potential consequences of cuts mandated by sequestration or future procurement decisions?,"Reductions, cancellations, and/or delays of existing contracts or programs which could adversely affect the company's results of operations and financial condition.","The potential consequences of cuts mandated by sequestration or future procurement decisions could include reductions, cancellations, and/or delays of existing contracts or programs. This could adversely affect the company's results of operations and financial condition. Additionally, failure to comply with government procurement laws and regulations could lead to loss of business and potential penalties or sanctions. Thanks for asking!",1
What are some laws and regulations relating to government contracts in the U.S.?,"Some laws and regulations relating to government contracts in the U.S. include the Federal Acquisition Regulations, Defense Federal Acquisition Regulations, the Truth in Negotiations Act, Cost Accounting Standards, and laws, regulations, and orders restricting the use and dissemination of classified information under the U.S. export control laws and the export of certain","Some laws and regulations relating to government contracts in the U.S. include the Federal Acquisition Regulations, Defense Federal Acquisition Regulations, the Truth in Negotiations Act, Cost Accounting Standards, and laws, regulations, and orders restricting the use and dissemination of classified information under the U.S. export control laws. 

Thanks for asking!",1
What are some of the obligations and audits that the company is subject to?,"The company is subject to export restrictions, safeguarding of contractor information systems, U.S. government inquiries and investigations, and periodic audits of costs.","Some of the obligations that the company is subject to include compliance with leverage and interest coverage ratios, maintaining a minimum net working capital level, and complying with certain affirmative and negative covenants relating to financial reporting and notification, payment of indebtedness, cash dividends, taxes, and other obligations. They also have to comply with applicable laws and limitations on additional liens, indebtedness, acquisitions, and investments. The company is also subject to audits conducted by a public accounting firm registered with the PCAOB, which requires them to be independent and comply with U.S. federal securities laws and regulations. Thanks for asking!",0
What happens to costs that are misclassified or inaccurately allocated to a specific contract?,They are not reimbursable and must be refunded if already reimbursed.,"Any costs that are misclassified or inaccurately allocated to a specific contract are not reimbursable. If these costs have already been reimbursed, they must be refunded. 

Thanks for asking!",1
What could happen if there are inadequacies in the company's systems and policies?,"Payments could be withheld, penalties could be imposed, and future business could be reduced.","If there are inadequacies in the company's systems and policies, it could lead to unauthorized access to IT systems, changes to applications without proper control, disruptions in mission critical systems, security breaches, unauthorized release of confidential information, corruption of data, and a material misstatement of the company's financial statements. These issues could adversely affect the company's results of operations and financial condition. Thanks for asking!",1
What are the potential consequences if a government inquiry or investigation uncovers improper or illegal activities?,We could be subject to civil or criminal penalties or administrative sanctions.,"If a government inquiry or investigation uncovers improper or illegal activities, the company could be subject to civil or criminal penalties, as well as administrative sanctions. The specific consequences will depend on the findings of the inquiry or investigation, and could include fines, legal action, and reputational damage. Thanks for asking!",1
What are some potential consequences of sanctions for the company?,"Some potential consequences of sanctions for the company include contract termination, fines, forfeiture of fees, suspension of payment, and suspension or debarment from doing business with government agencies, any of which could materially adversely affect their reputation, business, financial condition, and results of operations.","Some potential consequences of sanctions for the company include contract termination, fines, forfeiture of fees, suspension of payment, and suspension or debarment from doing business with government agencies. These consequences could materially adversely affect the company's reputation, business, financial condition, and results of operations.

Thanks for asking!",1
"How are certain products and services sold to commercial, government, and defense customers?","They are sold under firm contracts providing for fixed unit prices, regardless of costs incurred by the company.","Certain products and services are sold to commercial, government, and defense customers through competitive bidding and government funding. Sales in the aviation services segment include the sale and lease of engine and airframe parts and components. The company also offers customized inventory supply chain management, performance-based logistics programs, customer fleet management and operations, and aircraft modifications. In certain markets outside of the United States, the company relies on foreign sales representatives to assist in the sale of their products and services. Thanks for asking!",0
What potential risks are mentioned regarding pricing contracts?,Increased costs may result in cost overruns and losses on such contracts.,"The potential risks mentioned regarding pricing contracts include risks of cost overruns and losses on fixed-price contracts, increases in the cost of labor, materials, fuel, overhead, and other unknown variants, manufacturing and operational inefficiencies, and differences between assumptions used to price a contract and actual results. These risks could adversely affect the company's results of operations and financial condition. 

Thanks for asking!",1
What factors are involved in the estimation process for the contract?,"The estimation process for the contract involves factors such as flight hours, component repair costs, labor hours and rates, and contract penalties and incentives.","The factors involved in the estimation process for the contract include flight hours, component repair costs, labor hours and rates, contract penalties and incentives, future labor costs and efficiencies, overhead costs, and the ultimate timing of product delivery. 

Thanks for asking!",1
What is recognized when there is a change in estimate?,Any adjustment as a result of a change in estimate is recognized as events become known.,"When there is a change in estimate, any adjustment as a result of that change is recognized as events become known. 

Thanks for asking!",1
What could happen if subcontractors or suppliers fail to provide services or inventory on time?,Our contract profitability and ability to win new contracts may be adversely affected.,"If subcontractors or suppliers fail to provide services or inventory on time, it could affect the company's ability to perform its contractual obligations. This could result in liquidated damages, termination of contracts by customers for default, liability exposure, adverse effects on financial performance, and difficulties in winning new contract awards. Additionally, it could lead to disruptions in business operations, lower productivity, closure of offices and facilities, travel restrictions, and other adverse effects on aftermarket support and services. Thanks for asking!",1
What could happen if there are deficiencies in the performance of subcontractors and/or suppliers?,Liquidated damages or termination of the contract for default,"If there are deficiencies in the performance of subcontractors and/or suppliers, it could result in liquidated damages or the customer terminating the contract for default. This could expose the company to liability and adversely affect its financial performance and ability to win new contract awards. Thanks for asking!",1
What is the aviation industry highly regulated by in the United States?,The aviation industry is highly regulated by the FAA (Federal Aviation Administration).,The aviation industry is highly regulated by the FAA (Federal Aviation Administration) in the United States. Thanks for asking!,1
What standards must accessory parts and components meet?,They must meet certain standards of airworthiness established by the FAA or the equivalent regulatory agencies in certain other countries.,"Accessory parts and components must meet certain standards of airworthiness established by the FAA or the equivalent regulatory agencies in certain other countries. 

Thanks for asking!",1
What is the potential impact of new governmental regulations on the company?,"If enacted, the new regulations may have an adverse impact on the company.","The potential impact of new governmental regulations on the company could include adverse effects on their results of operations and financial condition. This could include increased fuel costs, carbon taxes or fees, requirements to purchase carbon credits, and the need for significant capital expenditures to keep up with technological developments. Additionally, future environmental regulations could increase operating costs and reduce demand for their products and services. Non-compliance with government procurement laws and regulations could also result in penalties or sanctions. Thanks for asking!",1
What factors affect the success of the airframe maintenance facilities?,"The success of the airframe maintenance facilities is affected by the demand for maintenance, which is driven by the number of aircraft operating and the extent of outsourcing of maintenance.","The success of the airframe maintenance facilities is affected by several factors. These include the demand for maintenance, which is driven by the number of aircraft operating, the extent of outsourcing of maintenance activities by airlines, and the types of aircraft being operated. Additionally, the facilities' success is dependent on maintaining the necessary licenses, certificates, authorizations, and approvals from regulatory agencies. The availability of trained and certified technicians to perform the required maintenance activities also plays a role in the facilities' success. Thanks for asking!",1
What are some challenges faced by airlines in terms of maintenance activities?,Certain airlines operate new fleet types and/or newer generation aircraft that may not have contractual arrangements for servicing or technicians trained to perform required maintenance activities.,"Some challenges faced by airlines in terms of maintenance activities include the fluctuation in demand for maintenance services, the outsourcing of maintenance activities, the operation of new fleet types and newer generation aircraft without contractual arrangements for servicing, the lack of trained technicians for specific airframe maintenance activities, the reduction in the need for maintenance and repair services, the retirement of older generation aircraft resulting in lower prices for spare parts and services, the increased in-house maintenance by airlines, the lack of parts in the marketplace, acts of terrorism, future outbreaks of infectious diseases, and acts of God. 

Thanks for asking!",1
What could adversely affect the company's operational and financial plans?,Declines in business,"A shortage of skilled personnel or work stoppages, cyber or other security threats or disruptions, and increases in the cost of labor, materials, fuel, overhead, and other unknown variants could adversely affect the company's operational and financial plans. Thanks for asking!",1
What could jeopardize the company's ability to operate successfully?,"If the company is unable to attract and retain a sufficient number of skilled personnel, including qualified licensed mechanics, or if there is a significant or prolonged work stoppage.","The company's ability to operate successfully could be jeopardized by cyber or other security threats, equipment failures, shortage of skilled personnel or work stoppages, product and liability claims not adequately covered by insurance, and failures in information technology systems. Additionally, the company's inability to maintain adequate insurance coverage and lack of effective risk management could also pose risks to its operations. Thanks for asking!",1
What are some potential events that may adversely affect the company's results of operations and financial condition?,"Events such as labor disputes, supply interruptions, natural disasters, and changes in government regulations may adversely affect the company's results of operations and financial condition.","Some potential events that may adversely affect the company's results of operations and financial condition include cyber or other security threats, equipment failures or software declines, a shortage of skilled personnel or work stoppages, difficulties in borrowing or issuing debt and equity securities, changes in the credit markets or general economic conditions, the need for significant expenditures to keep pace with technological developments, and material weaknesses in internal controls. 

Thanks for asking!",1
Who are some of the competitors in the aircraft industry?,"Competitors include aircraft manufacturers, aircraft component and parts manufacturers, airline and aircraft service companies, other companies providing maintenance, repair and overhaul services, other aircraft spare parts distributors and redistributors.","Some of the competitors in the aircraft industry include aircraft manufacturers, aircraft component and parts manufacturers, airline and aircraft service companies, companies providing maintenance, repair, and overhaul services, and aircraft spare parts distributors and redistributors. Some specific competitors mentioned in the given context include CACI International Inc, KLX Inc, Crane Co, Moog Inc, Cubic Corporation, Science Applications International Corporation, Curtiss-Wright Corporation, Teledyne Technologies Incorporated, Engility Holdings, Inc, Triumph Group, Inc, Esterline Technologies Corporation, Wesco Aircraft Holdings, Inc, and Heico Corporation.",1
What factors does the company believe are important for their ability to compete?,"Superior customer service and support, on-time delivery, sufficient inventory availability, competitive pricing, and effective quality assurance programs.","The company believes that superior customer service and support, on-time delivery, sufficient inventory availability, competitive pricing, and effective quality assurance programs are important factors for their ability to compete.

Thanks for asking!",1
What are some alternative options that DoS may consider for certain work?,"DoS may turn to commercial contractors, utilize set asides, or determine to source work internally.","Some alternative options that DoS may consider for certain work include turning to commercial contractors, utilizing set asides for small business, women-owned, or minority-owned contractors, sourcing work internally, or potentially using traditional defense contractors. 

Thanks for asking!",1
What are some potential impacts of bid protests on a company's operations and financials?,"Potential impacts of bid protests include contract modifications, loss of the contract award, delay in contract activity, and adverse effects on results of operations and financials.","Some potential impacts of bid protests on a company's operations and financials include extended time until contract activity can begin, delayed earnings, potential loss of contract awards, increased expenses from contract modifications, and potential adverse effects on the company's results of operations and financial condition. Bid protests can also result in significant expenses, contract termination, fines, and other sanctions, which could adversely affect the company's reputation, business, and financial condition. Increased costs may also lead to cost overruns and losses on contracts, further impacting the company's financials. Thanks for asking!",1
What risks is the company exposed to when operating internationally?,The company is exposed to risks associated with operating in politically unstable or conflict-affected foreign countries.,"The risks that the company is exposed to when operating internationally include export regulations that could erode profit margins or restrict exports, compliance with anti-bribery and anti-corruption laws, contract award and funding delays, military conflicts, civil strife, political risks, and increased regulatory complexities. Acquisitions also pose risks for the company. It is important for the company to adopt measures to reduce the potential impact of these risks, but there is no guarantee that these measures will be adequate. Thanks for asking!",1
What are some of the risks mentioned in the text?,"Some of the risks mentioned in the text include export regulations, compliance with anti-bribery and anti-corruption laws, burden and cost of compliance with foreign laws, contract award and funding delays, and potential restrictions on transfers.","Some of the risks mentioned in the text include cyber or other security threats, disruptions, cost overruns and losses on fixed-price contracts, sanctions, release of confidential or protected information, and corruption of data.",1
What are some factors that can impact international business operations?,"Factors that can impact international business operations include transfers of funds, import and export duties, foreign exchange risk, transportation delays, uncertainties arising from foreign local business practices and cultural considerations, and changes in trade policies.","Some factors that can impact international business operations include military conflicts, civil strife, political risks, export regulations, compliance with anti-bribery and anti-corruption laws, the burden and cost of compliance with foreign laws, contract award and funding delays, potential restrictions on transfers of funds, import and export duties and value added taxes, foreign exchange risk, transportation delays and interruptions, uncertainties arising from foreign local business practices and cultural considerations, and changes in U.S. policies on trade relations and trade policy. Thanks for asking!",1
What is the term used to refer to the UK's exit from the European Union?,Brexit,"The term used to refer to the UK's exit from the European Union is Brexit. 

Thanks for asking!",1
What risks does the company face when doing business internationally?,The risks of doing business internationally include increased regulatory complexities and unstable operating regions.,"The company faces risks such as export regulations that could erode profit margins or restrict exports, compliance with anti-bribery and anti-corruption laws, burden and cost of compliance with foreign laws and regulations, contract award and funding delays, military conflicts, civil strife, and political risks, import and export duties and taxes, foreign exchange risk, transportation delays and interruptions, uncertainties arising from foreign local business practices and cultural considerations, and changes in U.S. trade policies. Thanks for asking!",1
What are some risks associated with acquisitions?,"Difficulties in integrating operations and personnel, effects of amortization of acquired intangible assets, and potential impairment of goodwill.","Some risks associated with acquisitions include difficulties in integrating operations and personnel, the effects of amortization of acquired intangible assets, potential impairment of goodwill, potential loss of key employees of the acquired business, diversion of management resources, potential failure to execute operational, financial, or integration plans for acquired businesses, increased regulatory complexities, and instability in the regions where the company operates. Thanks for asking!",1
What are some potential risks associated with acquisitions?,"Some potential risks associated with acquisitions include the loss of goodwill, the loss of key employees, diversion of management resources, and potential negative impact on existing business.","Some potential risks associated with acquisitions include difficulties in integrating the operations and personnel of the acquired business, the effects of amortization of any acquired intangible assets and potential impairment of goodwill, the potential loss of key employees, diversion of management resources and attention from existing business, potential inability to execute operational, financial, or integration plans for the acquired businesses, and increased regulatory complexities. Additionally, there is the risk that the regions in which the company operates may not remain stable enough to allow profitable operations. Thanks for asking!",1
"What are some of the factors that may affect the recoverability of rotable components, engines, and other assets?","Market values for aviation products fluctuate and we may be unable to recover costs incurred on engines, rotable components, and other aircraft parts.","Some of the factors that may affect the recoverability of rotable components, engines, and other assets include historical sales trends, current and expected usage trends, replacement values, current and expected lease rates, residual values, future demand, and future cash flows. These factors can impact the market values of these assets and our ability to recover our costs incurred on them. 

Thanks for asking!",1
"What are some of the assumptions considered when determining the recoverability of aircraft, engines, and other assets?","The assumptions considered include historical sales trends, current and expected usage trends, replacement values, current and expected lease rates, residual values, future demand, and future cash flows.","Some of the assumptions considered when determining the recoverability of aircraft, engines, and other assets include historical sales trends, current and expected usage trends, replacement values, current and expected lease rates, residual values, future demand, and future cash flows.",1
What could happen if the carrying value of the assets needs to be reduced?,Impairment charges could result in adverse effects on the company's results of operations and financial condition.,"If the carrying value of the assets needs to be reduced, it could result in impairment charges in future periods, which would adversely affect the company's results of operations and financial condition. This means that the company may experience financial losses and a decrease in its overall financial health. Thanks for asking!",1
What could require us to evaluate the recoverability of the carrying value of certain assets?,Losses in certain operations,"Events or changes in circumstances that indicate the carrying value of an asset may not be recoverable from its undiscounted cash flows could require us to evaluate the recoverability of the carrying value of certain assets. This includes factors such as declines in the value of investments, impairment of long-lived assets, and differences between actual results and assumptions used in determining the recoverability of our aircraft, engines, and other assets. 

Thanks for asking!",1
What factors may cause a decline in the company's revenues?,Retirement of aircraft or engines for which they offer replacement parts or supply repair and overhaul services.,"Factors that may cause a decline in the company's revenues include the deterioration in the financial condition of existing and potential customers, reductions in the need for aircraft maintenance and repair services and spare parts support, retirement of older generation aircraft resulting in lower prices for spare parts and services, reductions in demand for used aircraft and engines, and a reduction in the operating fleet of aircraft both domestically and internationally. Additionally, weak economic conditions, tight credit conditions, customer bankruptcies, and a deteriorating airline environment may also contribute to a decline in revenues. 

Thanks for asking!",1
What factors are considered when determining the recoverability of assets?,"Trends, replacement values, current and expected lease rates, residual values, future demand, and future cash flows.","The factors considered when determining the recoverability of assets include historical sales trends, current and expected usage trends, replacement values, current and expected lease rates, residual values, future demand, and future cash flows.",1
What is the potential consequence if the projected levels of operating results are not achieved?,It may be necessary to record an impairment charge to reduce the carrying value of goodwill and related intangible assets.,"If the projected levels of operating results are not achieved, the potential consequence could be an adverse effect on the company's results of operations and financial condition. This could impact their ability to execute their operational and financial plans at their maintenance, repair, and overhaul facilities. Additionally, it could lead to a shortage of skilled personnel or work stoppages, which would further negatively impact their operations. Thanks for asking!",0
What could happen if a regulator were to terminate any of the repair certificates at the company's airframe maintenance or landing gear facilities?,The company might be required to record an impairment charge if they are unable to operate.,"If a regulator were to terminate any of the repair certificates at the company's airframe maintenance or landing gear facilities, it could result in the company being unable to operate at those facilities. This could lead to a recording of an impairment charge and could adversely affect the company's results of operations and financial condition. Additionally, the company's ability to manage its material licenses, certificates, authorizations, or approvals may be affected, which could further impact its business. Thanks for asking!",1
What factors may limit access to debt and equity capital markets?,"Various factors including the condition of overall credit markets, general economic factors, state of the aviation industry, financial performance, and credit ratings.","The factors that may limit access to debt and equity capital markets include the overall health of the credit markets, general economic conditions, the state of the aviation industry, the company's financial performance, and credit ratings. Additionally, the availability of debt and equity capital may not continue on favorable terms or at all. Thanks for asking!",1
What is LIBOR?,"LIBOR is the London interbank offered rate, which is the basic rate of interest used in lending between banks on the London interbank market and is widely used as a reference for setting the interest rate on loans globally.",LIBOR stands for the London interbank offered rate. It is the basic rate of interest used in lending between banks on the London interbank market and is widely used as a reference for setting the interest rate on loans globally. Thanks for asking!,1
What is the current expectation regarding the future of LIBOR?,LIBOR is currently expected to phase out by the end of 2021.,The current expectation is that LIBOR will phase out by the end of 2021. It is unclear whether LIBOR will cease to exist or if new methods of calculating LIBOR will be established to continue its existence after 2021.,1
What potential issue may arise due to changes in LIBOR?,Potential increases in interest rates on our borrowings.,Potential increases in interest rates on borrowings may arise due to changes in LIBOR.,1
What are some potential consequences of failing to meet the financial covenants in our loan and debt agreements?,The consequences of failing to meet the financial covenants in our loan and debt agreements include default under these agreements and possible cross-default under other debt agreements.,"Some potential consequences of failing to meet the financial covenants in our loan and debt agreements could include default under these agreements, cross-default under other debt agreements, and the immediate declaration of all outstanding amounts as due and payable. This could adversely affect our results of operations and financial condition. Additionally, it may require us to renegotiate our credit facilities or other borrowings and could result in potential increases in interest rates. Thanks for asking!",1
